Administration,count,mean,std,50%,min,max
Biden,26.0,42.5,11.960769206033532,39.5,23.0,61.0
Bush,99.0,45.464646464646464,15.064021965660455,47.0,21.0,81.0
Obama,68.0,43.61764705882353,13.15921947030306,46.0,19.0,72.0
Trump 1,42.0,46.57142857142857,13.096532509144023,46.5,21.0,74.0
Trump 2,15.0,46.53333333333333,14.045165241700316,45.0,27.0,75.0
