Period,count,mean,std,50%,min,max
FY2003-2017,173.0,44.69364161849711,14.212417393713904,46.0,19.0,81.0
FY2018-2025,77.0,45.37662337662338,13.025318423260948,44.0,21.0,75.0
