Administration,Deaths,Rate,CI_L,CI_U
Bush,99,79.16580037423833,64.34205611511457,96.38152138528592
Obama,68,25.36594100180546,19.697645724579022,32.15737445949266
Trump 1,32,20.22410840122103,13.833275175086785,28.550406744373888
Biden,23,20.655033991001588,13.093519740864348,30.9926925137473
Trump 2,15,25.0,13.992310221305521,41.23369811914309
