Administration,Deaths,Person_Years,Rate,CI_L,CI_U
Bush,99,125054,79.16580037423833,64.34205611511457,96.38152138528592
Obama,68,268076,25.36594100180546,19.697645724579022,32.15737445949266
Trump 1,42,158227,26.544142276602603,19.130682963386587,35.879969144640704
Biden,23,111353,20.655033991001588,13.093519740864348,30.9926925137473
Trump 2,0,0,,0.0,inf
