Administration,Deaths,Person_Years,Rate,CI_L,CI_U
Bush,0,125054,0.0,0.0,2.9498292370607384
Obama,0,268076,0.0,0.0,1.376057332291565
Trump 1,10,158227,6.320033875381572,3.030701900517885,11.622767316588053
Biden,3,111353,2.6941348683915116,0.555595379464946,7.873405359300893
Trump 2,0,60000,0.0,0.0,6.148132423523227
