Administration,Deaths,Person_Years,Rate,CI_L,CI_U
Bush,99,125054,79.16580037423833,64.34205611511457,96.38152138528592
Obama,68,268076,25.36594100180546,19.697645724579022,32.15737445949266
Trump 1,42,158227,26.544142276602603,19.130682963386587,35.879969144640704
Biden,26,111353,23.3491688593931,15.25245230536792,34.211942276476634
Trump 2,15,39703,37.780520363700475,21.1454704500499,62.31322285843854
