administration,deaths,person_years,rate_per_100k,ci_lower,ci_upper
Bush,99,125054,79.16580037423833,64.34205611511457,96.38152138528592
Obama,68,268076,25.36594100180546,19.697645724579026,32.15737445949266
Trump 1,42,158227,26.544142276602603,19.13068296338659,35.879969144640704
Biden,26,111353,23.3491688593931,15.252452305367921,34.211942276476634
Trump 2,15,48984,30.622243998040176,17.13903750772357,50.5067345898372
