administration,deaths,person_years,rate_per_100k,ci_lower,ci_upper
Bush,99,125054,79.16580037423833,64.34205611511457,96.38152138528592
Obama,67,268076,24.992912457661262,19.36916386591882,31.740115350794685
Trump 1,42,158227,26.544142276602603,19.13068296338659,35.879969144640704
Biden,26,111353,23.3491688593931,15.252452305367921,34.211942276476634
Trump 2,32,51130,62.58556620379425,42.80848095303064,88.35214566677189
